{
	"skin-name": "custom",
	"preview-bg": "#000000",
	"text": "#ebebeb",
	"text-inverse": "#737373",
	"text-disabled": "#000000",
	"has-gradients": false,
	"has-radius": false,
	"has-boxshadow": true,
	"has-button-borders": true,
	"btn-text": "#e3e3e3",
	"btn-text-shadow": "#303030",
	"btn-bg": "#000000",
	"btn-bg-hlight": "#7a7979",
	"btn-border-top": "rgba(33,33,33,1)",
	"btn-border-right": "rgba(33,33,33,1)",
	"btn-border-bottom": "rgba(33,33,33,1)",
	"btn-border-left": "rgba(33,33,33,1)",
	"btn-split-border": "#5c5c5c",
	"btn-primary-text": "#ffffff",
	"btn-primary-text-shadow": "#333333",
	"btn-primary-bg": "#0088cc",
	"btn-primary-bg-hlight": "#0044cc",
	"btn-padding": "4px 8px",
	"menu-bg": "#000000",
	"menu-border": "rgba(66,66,66,1)",
	"menuitem-text": "#d1d1d1",
	"menuitem-bg-selected": "#000000",
	"menuitem-bg-selected-hlight": "#0077b3",
	"menuitem-separator-top": "#383838",
	"menuitem-separator-bottom": "#000000",
	"menuitem-text-inverse": "#ffffff",
	"menuitem-bg-active": "#525252",
	"menuitem-text-active": "#000000",
	"menuitem-preview-border-active": "#615e5e",
	"menubar-menubtn-text": "#dddddd",
	"checkbox-border": "#c9c9c9",
	"checkbox-border-focus": "#59a5e1",
	"panel-border": "#545454",
	"panel-bg": "#000000",
	"panel-bg-hlight": "#303030",
	"textbox-bg": "#191919",
	"textbox-border": "#2e2e2e",
	"textbox-border-focus": "#59a5e1",
	"window-bg": "#171717",
	"window-border": "#383838",
	"tab-bg": "#191919",
	"tab-bg-hover": "#303030",
	"tab-bg-active": "#262626",
	"tab-border": "#333333",
	"tabs-bg": "#262626",
	"notification-bg": "#f0f0f0",
	"notification-border": "#cccccc",
	"notification-text": "#333333",
	"notification-success-bg": "#dff0d8",
	"notification-success-border": "#d6e9c6",
	"notification-success-text": "#3c763d",
	"notification-info-bg": "#d9edf7",
	"notification-info-border": "#779ecb",
	"notification-info-text": "#31708f",
	"notification-warning-bg": "#fcf8e3",
	"notification-warning-border": "#faebcc",
	"notification-warning-text": "#8a6d3b",
	"notification-error-bg": "#f2dede",
	"notification-error-border": "#ebccd1",
	"notification-error-text": "#a94442",
	"progress-bar-bg": "#000000",
	"progress-bar-bg-hlight": "#cccccc",
	"progress-border": "#cccccc",
	"progress-text": "#333333",
	"progress-text-shadow": "#ffffff",
	"slider-bg": "#242323",
	"slider-border": "#404040",
	"slider-handle-bg": "#424242",
	"slider-handle-border": "#5e5e5e",
	"colorbtn-backcolor-bg": "#424242",
	"grid-border": "#525252",
	"grid-border-active": "#303030"
}